Depth,1,2,3,4,,1,2,3,4,,1,2,3,4
,2640,2756,71596,23312,,256,256,4096,2048,,0.0022254999494180083,0.0033275000751018524,0.10703099996317178,0.08036529994569719
,2720,952,34356,56424,,256,64,2048,4096,,0.002244999981485307,0.0015218999469652772,0.05610729998443276,0.15298729995265603
,976,1640,16356,24448,,64,128,1024,2048,,0.0012763000559061766,0.0021959999576210976,0.03128290001768619,0.06912809994537383
,2712,3016,60140,15076,,256,256,4096,1024,,0.002876000013202429,0.0033358000218868256,0.10130590002518147,0.04772440006490797
,2416,728,16396,32924,,256,64,1024,2048,,0.002209500060416758,0.0015515999402850866,0.04351670003961772,0.08850109996274114
,1636,3180,28540,16160,,128,256,2048,1024,,0.002161799930036068,0.003800900070928037,0.09818689990788698,0.05359839997254312
,1892,7952,36232,3296,,128,512,2048,256,,0.0019208999583497643,0.007144799921661615,0.08322759997099638,0.014457400073297322
,1564,1396,32644,15952,,128,128,2048,1024,,0.0018170999828726053,0.0019000000320374966,0.06198920006863773,0.05400839995127171
,2564,1752,21536,58836,,256,128,2048,4096,,0.0024214000441133976,0.0023975999793037772,0.034603800042532384,0.14297559997066855
,1460,1704,15300,67716,,64,128,1024,4096,,0.0018401999259367585,0.0028152000159025192,0.02812839997932315,0.15995359991211444
,1740,5276,16168,28776,,128,256,1024,2048,,0.0020894999615848064,0.005571600049734116,0.03103950002696365,0.07855490001384169
,2300,3156,76756,47560,,128,256,4096,4096,,0.002327800029888749,0.003545599989593029,0.11926440009847283,0.11257040000054985
,1784,4088,11452,35304,,128,256,1024,2048,,0.0022302999859675765,0.004749699961394072,0.02402989997062832,0.0964436000213027
,2612,1860,17096,57124,,256,128,1024,4096,,0.0024244999513030052,0.002442199969664216,0.03809360007289797,0.13929910003207624
,1076,3076,30360,21084,,128,256,2048,2048,,0.0013879000907763839,0.0033684000372886658,0.05302700004540384,0.05312599998433143
,3228,3108,36108,31884,,256,256,2048,2048,,0.0028718000976368785,0.003507699933834374,0.06636279996018857,0.08860659995116293
,2660,5368,14424,16488,,256,256,1024,1024,,0.00256459997035563,0.0055695000337436795,0.02935510000679642,0.0550373001024127
,6044,4884,34256,35848,,512,512,2048,2048,,0.004920699982903898,0.004720799974165857,0.057382000028155744,0.0995773000176996
,2732,2328,36172,13952,,256,128,2048,1024,,0.0026476000202819705,0.0029036999912932515,0.06071699992753565,0.04445730010047555
,5832,920,32368,55412,,512,64,2048,4096,,0.004456799943000078,0.0015486000338569283,0.05405609996523708,0.1365336999297142
,2572,640,36324,51352,,256,64,2048,4096,,0.002340200007893145,0.0011100999545305967,0.060860699974000454,0.12377119995653629
,2428,1104,11904,79848,,256,64,1024,4096,,0.002323299995623529,0.0016798999859020114,0.02412489999551326,0.1944381999783218
,2208,1136,60632,60816,,256,64,4096,4096,,0.002051800023764372,0.0018071000231429935,0.09476610005367547,0.17238939995877445
,3556,2716,32564,35124,,256,128,2048,2048,,0.0034913000417873263,0.003361100098118186,0.05504340003244579,0.10045270004775375
,6936,1080,2900,34984,,512,64,256,2048,,0.00523589993827045,0.0018631999846547842,0.00786740006878972,0.0950275999493897
,2704,3236,35588,16004,,256,256,2048,1024,,0.0025216001085937023,0.0037039999151602387,0.061259199981577694,0.053643699968233705
,3428,5088,35432,36692,,256,512,2048,2048,,0.0032377000898122787,0.004678600002080202,0.06020229996647686,0.09919959993567318
,5020,3232,18324,27520,,512,256,1024,2048,,0.0035112000769004226,0.003586999955587089,0.032899799989536405,0.08007670007646084
,4972,4156,35708,36472,,512,256,2048,2048,,0.0037974000442773104,0.004465400008484721,0.05978580005466938,0.10337439994327724
,696,2120,60408,16468,,64,128,4096,1024,,0.0010015000589191914,0.002735599991865456,0.0872022999683395,0.05471830000169575
,3488,3268,32184,4508,,256,256,2048,256,,0.0029341999907046556,0.003740799962542951,0.05227870005182922,0.018451599986292422
,5216,2652,32300,26828,,512,256,2048,2048,,0.004280599998310208,0.002874600002542138,0.051385900005698204,0.07595109997782856
,2852,7172,60336,31468,,256,512,4096,2048,,0.002808299963362515,0.006583999958820641,0.08428229996934533,0.08839199994690716
,2368,3380,60676,32444,,256,256,4096,2048,,0.002202600007876754,0.0035642998991534114,0.08842019992880523,0.09395639994181693
,2732,4872,32104,30416,,256,256,2048,2048,,0.0023341000778600574,0.004949100082740188,0.05146770004648715,0.08593379997182637
,4772,3848,32548,32028,,512,256,2048,2048,,0.003476100042462349,0.004063199972733855,0.05270070000551641,0.08897550008259714
,3236,1440,32868,27412,,256,128,2048,2048,,0.0028955999296158552,0.002199399983510375,0.053431599983014166,0.0791009000968188
,2236,7036,35356,16408,,256,512,2048,1024,,0.002099200035445392,0.006489800056442618,0.059328299947082996,0.05537910002749413
,3900,1040,9816,27356,,256,128,1024,2048,,0.0035519000375643373,0.0015267999842762947,0.018277399940416217,0.07909510005265474
,3916,5208,15572,31620,,256,512,1024,2048,,0.0035764999920502305,0.004698000033386052,0.028917399933561683,0.08445779990870506
,5404,2524,15376,13480,,512,256,1024,1024,,0.004065999994054437,0.002901800093241036,0.028743699891492724,0.042155500035732985
,3184,5736,13620,15652,,256,512,1024,1024,,0.0028870999813079834,0.005477900034748018,0.026234299992211163,0.05201510002370924
,2996,3188,27400,52464,,256,256,2048,4096,,0.0027598999440670013,0.0034545999951660633,0.048910000012256205,0.12538729992229491
,2176,1876,32516,34392,,128,128,2048,2048,,0.0022043000208213925,0.0024018000112846494,0.06200629996601492,0.09408820001408458
,1708,1536,60480,32536,,128,128,4096,2048,,0.0018466999754309654,0.0020900999661535025,0.09564590000081807,0.09420639998279512
,1808,2944,50836,15916,,128,256,4096,1024,,0.0019104999955743551,0.00338260002899915,0.07244270003866404,0.05384599999524653
,2504,2508,12480,3240,,128,256,1024,256,,0.0025426000356674194,0.0028373999521136284,0.021561899920925498,0.01526179991196841
,1688,3272,6844,56892,,128,256,512,4096,,0.001866700011305511,0.003528399975039065,0.01525190006941557,0.14245130005292594
,1060,1684,32636,10280,,64,128,2048,512,,0.0014143999433144927,0.0021822000853717327,0.05353649996686727,0.03984759992454201
,1208,3204,15828,16240,,128,256,1024,1024,,0.0013274000957608223,0.003615399939008057,0.03006589994765818,0.060311099980026484
,3932,1472,30416,60576,,256,128,2048,4096,,0.0035849999403581023,0.0021323999390006065,0.04963959997985512,0.16383860004134476
,2416,896,27720,23388,,256,64,2048,2048,,0.0028953999280929565,0.001470700022764504,0.046582199982367456,0.07162419997621328
,2912,3856,36192,36196,,256,256,2048,2048,,0.0028081999626010656,0.004330000025220215,0.06554699991829693,0.09880279994104058
,2540,2600,28492,32632,,256,256,2048,2048,,0.002356100012548268,0.002896200050599873,0.052556300070136786,0.09326789993792772
,3088,11780,17156,32220,,256,1024,1024,2048,,0.0030257999897003174,0.009327500010840595,0.03274950000923127,0.08730970008764416
,7512,3164,7120,29888,,512,256,512,2048,,0.0060409000143408775,0.003614199929870665,0.019688299973495305,0.0805746999103576
,1756,2392,76564,16452,,128,256,4096,1024,,0.0018336999928578734,0.002760999952442944,0.12377139995805919,0.05687179998494685
,4028,2856,17040,12564,,256,256,1024,1024,,0.0037899999879300594,0.0031672000186517835,0.03190299996640533,0.04354169999714941
,1852,5484,15448,23720,,128,512,1024,2048,,0.0019851999823004007,0.005164800095371902,0.031326099997386336,0.06879070005379617
,1428,2252,32464,19992,,128,256,2048,1024,,0.001662100083194673,0.0025125000393018126,0.054600900039076805,0.06213130010291934
,3508,2316,37316,34508,,256,256,2048,2048,,0.003372299950569868,0.002630600007250905,0.06339550006669015,0.1034848999697715
,1636,1840,33076,59228,,128,128,2048,4096,,0.002096200012601912,0.002558200038038194,0.05496730003505945,0.14494639995973557
,2748,3364,50376,1268,,128,256,4096,128,,0.0027611999539658427,0.0036946999607607722,0.07114190002903342,0.0074742999859154224
,1080,3744,20744,23188,,64,256,2048,2048,,0.0015143000055104494,0.003907300066202879,0.032142299925908446,0.06655069999396801
,2752,3596,27900,57420,,256,256,2048,4096,,0.0026813000440597534,0.004211799940094352,0.047677500057034194,0.13703249988611788
,1788,2816,21416,3244,,128,256,2048,256,,0.0019751000218093395,0.003155200043693185,0.03472590004093945,0.014912499929778278
,576,1844,35504,36656,,32,128,2048,2048,,0.0010180000681430101,0.0025077000027522445,0.05798209994100034,0.10581940005067736
,3272,1680,47212,7380,,256,128,4096,512,,0.003103800001554191,0.0022250000620260835,0.06460459996014833,0.028351800050586462
,1432,1412,32516,13124,,128,64,2048,1024,,0.0016907999524846673,0.0020728999515995383,0.05087400006595999,0.04347929998766631
,1780,876,14520,14472,,128,64,1024,1024,,0.0022220000391826034,0.0014780000783503056,0.02696679998189211,0.04798299993854016
,3064,1684,7072,32668,,256,128,512,2048,,0.0030532999662682414,0.0024738999782130122,0.015390300075523555,0.09234520001336932
,2960,2524,31980,36076,,256,256,2048,2048,,0.0028376999543979764,0.002894299919717014,0.05274850002024323,0.098576599964872
,3536,2344,16616,33236,,256,256,1024,2048,,0.003248599939979613,0.002682600053958595,0.030429900041781366,0.09532459999900311
,2760,2684,24340,16356,,256,256,2048,1024,,0.002690900000743568,0.0029108000453561544,0.040618899976834655,0.05364709999412298
,1012,7120,29984,36184,,64,512,2048,2048,,0.001526299980469048,0.006786799989640713,0.047308500041253865,0.10151469998527318
,1072,956,31824,12300,,64,64,2048,1024,,0.0016980000073090196,0.0016547000268474221,0.04975090001244098,0.04311029997188598
,2448,7004,11188,32072,,128,512,1024,2048,,0.0026062000542879105,0.006673599942587316,0.020649700076319277,0.09740779991261661
,1788,2696,31916,1376,,128,256,2048,128,,0.002223599934950471,0.0029730000533163548,0.05172139999922365,0.009388600010424852
,4060,480,16312,36056,,256,32,1024,2048,,0.003935299930162728,0.0010836999863386154,0.030835700104944408,0.11668630002532154
,1356,3716,16392,34256,,128,256,1024,2048,,0.0016629999736323953,0.004539099987596273,0.03200620005372912,0.10020089999306947
,740,11148,36084,33844,,64,1024,2048,2048,,0.001106100040487945,0.00926139997318387,0.05989369994495064,0.09431219997350127
,2860,3096,25620,36404,,256,256,2048,2048,,0.0029226000187918544,0.0036703000077977777,0.041424599941819906,0.1002664000261575
,3048,2784,32392,13768,,256,256,2048,1024,,0.003312199958600104,0.0035322000039741397,0.053790700039826334,0.04538449994288385
,2580,656,27224,27560,,256,64,2048,2048,,0.002696800045669079,0.0012511000968515873,0.04427830001804978,0.0809094998985529
,3404,5608,28348,23268,,256,512,2048,2048,,0.003143100067973137,0.0055819000117480755,0.04526859999168664,0.0639013999607414
,2588,1076,60808,21652,,256,64,4096,2048,,0.0025118000339716673,0.0017454000189900398,0.08529159997124225,0.059120999998413026
,1392,1800,16276,16080,,128,128,1024,1024,,0.0017807999392971396,0.0025092000141739845,0.03012839995790273,0.054584399913437665
,1120,1796,15084,35204,,64,128,1024,2048,,0.0017846000846475363,0.0025765999453142285,0.027702499995939434,0.09982930007390678
,1696,4084,27092,16912,,128,256,2048,1024,,0.0021331000607460737,0.0045510000782087445,0.04357660003006458,0.05444259999785572
,1132,3344,7920,109432,,128,256,512,8192,,0.001399099943228066,0.003814700059592724,0.017109100008383393,0.221728999982588
,2432,3704,59732,60424,,256,256,4096,4096,,0.002348699956201017,0.004332400043494999,0.08777189999818802,0.1474434999981895
,1600,2404,27112,5700,,128,128,2048,512,,0.0018327999860048294,0.0031201000092551112,0.04401110007893294,0.0225928999716416
,2748,1476,22832,26980,,256,128,2048,2048,,0.002880399930290878,0.002444499987177551,0.03635109995957464,0.0771950000198558
,3508,1424,55816,59968,,256,64,4096,4096,,0.003265799954533577,0.0023363999789580703,0.08004639996215701,0.14917340001557022
,3256,4968,49088,75228,,256,512,4096,4096,,0.005406400072388351,0.004826500080525875,0.0681787000503391,0.1781745000043884
,3148,5276,23648,67020,,256,256,2048,4096,,0.003216099925339222,0.005500099970959127,0.038060199934989214,0.15412610000930727
,5068,4152,34400,32216,,512,256,2048,2048,,0.0042209000093862414,0.004914800054393709,0.051498500048182905,0.08715770009439439
,3392,3464,60420,25728,,256,256,4096,2048,,0.003275000024586916,0.003958400106057525,0.09424939996097237,0.07147710002027452
,3612,5056,16060,27528,,256,512,1024,2048,,0.0035711999516934156,0.0048302001086995006,0.03214010002557188,0.07845220004674047
,2028,2696,13696,16216,,128,256,1024,1024,,0.0025137000484392047,0.003175100078806281,0.02614020009059459,0.055513300001621246
